ApiController.java,edu.ucsb.cs156.example.controllers.ApiController,org.pitest.mutationtest.engine.gregor.mutators.returns.NullReturnValsMutator,genericMessage,38,KILLED,edu.ucsb.cs156.example.controllers.UCSBDiningCommonsControllerTests.[engine:junit-jupiter]/[class:edu.ucsb.cs156.example.controllers.UCSBDiningCommonsControllerTests]/[method:admin_can_delete_a_date()]
ApiController.java,edu.ucsb.cs156.example.controllers.ApiController,org.pitest.mutationtest.engine.gregor.mutators.returns.NullReturnValsMutator,getCurrentUser,29,KILLED,edu.ucsb.cs156.example.controllers.UserInfoControllerTests.[engine:junit-jupiter]/[class:edu.ucsb.cs156.example.controllers.UserInfoControllerTests]/[method:currentUser__logged_in()]
ApiController.java,edu.ucsb.cs156.example.controllers.ApiController,org.pitest.mutationtest.engine.gregor.mutators.returns.NullReturnValsMutator,handleGenericException,49,KILLED,edu.ucsb.cs156.example.controllers.UCSBDiningCommonsControllerTests.[engine:junit-jupiter]/[class:edu.ucsb.cs156.example.controllers.UCSBDiningCommonsControllerTests]/[method:test_that_logged_in_user_can_get_by_id_when_the_id_does_not_exist()]
CSRFController.java,edu.ucsb.cs156.example.controllers.CSRFController,org.pitest.mutationtest.engine.gregor.mutators.returns.NullReturnValsMutator,csrf,33,KILLED,edu.ucsb.cs156.example.controllers.CSRFControllerTests.[engine:junit-jupiter]/[class:edu.ucsb.cs156.example.controllers.CSRFControllerTests]/[method:csrf_returns_ok()]
RestaurantsController.java,edu.ucsb.cs156.example.controllers.RestaurantsController,org.pitest.mutationtest.engine.gregor.mutators.returns.NullReturnValsMutator,allRestaurants,45,KILLED,edu.ucsb.cs156.example.controllers.RestaurantsControllerTests.[engine:junit-jupiter]/[class:edu.ucsb.cs156.example.controllers.RestaurantsControllerTests]/[method:logged_in_user_can_get_all_restaurants()]
RestaurantsController.java,edu.ucsb.cs156.example.controllers.RestaurantsController,org.pitest.mutationtest.engine.gregor.mutators.VoidMethodCallMutator,deleteRestaurant,98,KILLED,edu.ucsb.cs156.example.controllers.RestaurantsControllerTests.[engine:junit-jupiter]/[class:edu.ucsb.cs156.example.controllers.RestaurantsControllerTests]/[method:admin_can_delete_a_restaurant()]
RestaurantsController.java,edu.ucsb.cs156.example.controllers.RestaurantsController,org.pitest.mutationtest.engine.gregor.mutators.returns.NullReturnValsMutator,deleteRestaurant,99,KILLED,edu.ucsb.cs156.example.controllers.RestaurantsControllerTests.[engine:junit-jupiter]/[class:edu.ucsb.cs156.example.controllers.RestaurantsControllerTests]/[method:admin_can_delete_a_restaurant()]
RestaurantsController.java,edu.ucsb.cs156.example.controllers.RestaurantsController,org.pitest.mutationtest.engine.gregor.mutators.returns.NullReturnValsMutator,getById,61,KILLED,edu.ucsb.cs156.example.controllers.RestaurantsControllerTests.[engine:junit-jupiter]/[class:edu.ucsb.cs156.example.controllers.RestaurantsControllerTests]/[method:test_that_logged_in_user_can_get_by_id_when_the_id_exists()]
RestaurantsController.java,edu.ucsb.cs156.example.controllers.RestaurantsController,org.pitest.mutationtest.engine.gregor.mutators.returns.NullReturnValsMutator,lambda$deleteRestaurant$1,96,KILLED,edu.ucsb.cs156.example.controllers.RestaurantsControllerTests.[engine:junit-jupiter]/[class:edu.ucsb.cs156.example.controllers.RestaurantsControllerTests]/[method:admin_tries_to_delete_non_existant_restaurant_and_gets_right_error_message()]
RestaurantsController.java,edu.ucsb.cs156.example.controllers.RestaurantsController,org.pitest.mutationtest.engine.gregor.mutators.returns.NullReturnValsMutator,lambda$getById$0,59,KILLED,edu.ucsb.cs156.example.controllers.RestaurantsControllerTests.[engine:junit-jupiter]/[class:edu.ucsb.cs156.example.controllers.RestaurantsControllerTests]/[method:test_that_logged_in_user_can_get_by_id_when_the_id_does_not_exist()]
RestaurantsController.java,edu.ucsb.cs156.example.controllers.RestaurantsController,org.pitest.mutationtest.engine.gregor.mutators.returns.NullReturnValsMutator,lambda$updateRestaurant$2,116,KILLED,edu.ucsb.cs156.example.controllers.RestaurantsControllerTests.[engine:junit-jupiter]/[class:edu.ucsb.cs156.example.controllers.RestaurantsControllerTests]/[method:admin_cannot_edit_restaurant_that_does_not_exist()]
RestaurantsController.java,edu.ucsb.cs156.example.controllers.RestaurantsController,org.pitest.mutationtest.engine.gregor.mutators.VoidMethodCallMutator,postRestaurant,78,KILLED,edu.ucsb.cs156.example.controllers.RestaurantsControllerTests.[engine:junit-jupiter]/[class:edu.ucsb.cs156.example.controllers.RestaurantsControllerTests]/[method:an_admin_user_can_post_a_new_restaurant()]
RestaurantsController.java,edu.ucsb.cs156.example.controllers.RestaurantsController,org.pitest.mutationtest.engine.gregor.mutators.VoidMethodCallMutator,postRestaurant,79,KILLED,edu.ucsb.cs156.example.controllers.RestaurantsControllerTests.[engine:junit-jupiter]/[class:edu.ucsb.cs156.example.controllers.RestaurantsControllerTests]/[method:an_admin_user_can_post_a_new_restaurant()]
RestaurantsController.java,edu.ucsb.cs156.example.controllers.RestaurantsController,org.pitest.mutationtest.engine.gregor.mutators.returns.NullReturnValsMutator,postRestaurant,82,KILLED,edu.ucsb.cs156.example.controllers.RestaurantsControllerTests.[engine:junit-jupiter]/[class:edu.ucsb.cs156.example.controllers.RestaurantsControllerTests]/[method:an_admin_user_can_post_a_new_restaurant()]
RestaurantsController.java,edu.ucsb.cs156.example.controllers.RestaurantsController,org.pitest.mutationtest.engine.gregor.mutators.VoidMethodCallMutator,updateRestaurant,118,KILLED,edu.ucsb.cs156.example.controllers.RestaurantsControllerTests.[engine:junit-jupiter]/[class:edu.ucsb.cs156.example.controllers.RestaurantsControllerTests]/[method:admin_can_edit_an_existing_restaurant()]
RestaurantsController.java,edu.ucsb.cs156.example.controllers.RestaurantsController,org.pitest.mutationtest.engine.gregor.mutators.VoidMethodCallMutator,updateRestaurant,119,KILLED,edu.ucsb.cs156.example.controllers.RestaurantsControllerTests.[engine:junit-jupiter]/[class:edu.ucsb.cs156.example.controllers.RestaurantsControllerTests]/[method:admin_can_edit_an_existing_restaurant()]
RestaurantsController.java,edu.ucsb.cs156.example.controllers.RestaurantsController,org.pitest.mutationtest.engine.gregor.mutators.returns.NullReturnValsMutator,updateRestaurant,123,KILLED,edu.ucsb.cs156.example.controllers.RestaurantsControllerTests.[engine:junit-jupiter]/[class:edu.ucsb.cs156.example.controllers.RestaurantsControllerTests]/[method:admin_can_edit_an_existing_restaurant()]
SystemInfoController.java,edu.ucsb.cs156.example.controllers.SystemInfoController,org.pitest.mutationtest.engine.gregor.mutators.returns.NullReturnValsMutator,getSystemInfo,43,KILLED,edu.ucsb.cs156.example.controllers.SystemInfoControllerTests.[engine:junit-jupiter]/[class:edu.ucsb.cs156.example.controllers.SystemInfoControllerTests]/[method:systemInfo__admin_logged_in()]
UCSBDatesController.java,edu.ucsb.cs156.example.controllers.UCSBDatesController,org.pitest.mutationtest.engine.gregor.mutators.returns.NullReturnValsMutator,allUCSBDates,53,KILLED,edu.ucsb.cs156.example.controllers.UCSBDatesControllerTests.[engine:junit-jupiter]/[class:edu.ucsb.cs156.example.controllers.UCSBDatesControllerTests]/[method:logged_in_user_can_get_all_ucsbdates()]
UCSBDatesController.java,edu.ucsb.cs156.example.controllers.UCSBDatesController,org.pitest.mutationtest.engine.gregor.mutators.VoidMethodCallMutator,deleteUCSBDate,119,KILLED,edu.ucsb.cs156.example.controllers.UCSBDatesControllerTests.[engine:junit-jupiter]/[class:edu.ucsb.cs156.example.controllers.UCSBDatesControllerTests]/[method:admin_can_delete_a_date()]
UCSBDatesController.java,edu.ucsb.cs156.example.controllers.UCSBDatesController,org.pitest.mutationtest.engine.gregor.mutators.returns.NullReturnValsMutator,deleteUCSBDate,120,KILLED,edu.ucsb.cs156.example.controllers.UCSBDatesControllerTests.[engine:junit-jupiter]/[class:edu.ucsb.cs156.example.controllers.UCSBDatesControllerTests]/[method:admin_can_delete_a_date()]
UCSBDatesController.java,edu.ucsb.cs156.example.controllers.UCSBDatesController,org.pitest.mutationtest.engine.gregor.mutators.returns.NullReturnValsMutator,getById,70,KILLED,edu.ucsb.cs156.example.controllers.UCSBDatesControllerTests.[engine:junit-jupiter]/[class:edu.ucsb.cs156.example.controllers.UCSBDatesControllerTests]/[method:test_that_logged_in_user_can_get_by_id_when_the_id_exists()]
UCSBDatesController.java,edu.ucsb.cs156.example.controllers.UCSBDatesController,org.pitest.mutationtest.engine.gregor.mutators.returns.NullReturnValsMutator,lambda$deleteUCSBDate$1,117,KILLED,edu.ucsb.cs156.example.controllers.UCSBDatesControllerTests.[engine:junit-jupiter]/[class:edu.ucsb.cs156.example.controllers.UCSBDatesControllerTests]/[method:admin_tries_to_delete_non_existant_ucsbdate_and_gets_right_error_message()]
UCSBDatesController.java,edu.ucsb.cs156.example.controllers.UCSBDatesController,org.pitest.mutationtest.engine.gregor.mutators.returns.NullReturnValsMutator,lambda$getById$0,68,KILLED,edu.ucsb.cs156.example.controllers.UCSBDatesControllerTests.[engine:junit-jupiter]/[class:edu.ucsb.cs156.example.controllers.UCSBDatesControllerTests]/[method:test_that_logged_in_user_can_get_by_id_when_the_id_does_not_exist()]
UCSBDatesController.java,edu.ucsb.cs156.example.controllers.UCSBDatesController,org.pitest.mutationtest.engine.gregor.mutators.returns.NullReturnValsMutator,lambda$updateUCSBDate$2,138,KILLED,edu.ucsb.cs156.example.controllers.UCSBDatesControllerTests.[engine:junit-jupiter]/[class:edu.ucsb.cs156.example.controllers.UCSBDatesControllerTests]/[method:admin_cannot_edit_ucsbdate_that_does_not_exist()]
UCSBDatesController.java,edu.ucsb.cs156.example.controllers.UCSBDatesController,org.pitest.mutationtest.engine.gregor.mutators.VoidMethodCallMutator,postUCSBDate,96,KILLED,edu.ucsb.cs156.example.controllers.UCSBDatesControllerTests.[engine:junit-jupiter]/[class:edu.ucsb.cs156.example.controllers.UCSBDatesControllerTests]/[method:an_admin_user_can_post_a_new_ucsbdate()]
UCSBDatesController.java,edu.ucsb.cs156.example.controllers.UCSBDatesController,org.pitest.mutationtest.engine.gregor.mutators.VoidMethodCallMutator,postUCSBDate,97,KILLED,edu.ucsb.cs156.example.controllers.UCSBDatesControllerTests.[engine:junit-jupiter]/[class:edu.ucsb.cs156.example.controllers.UCSBDatesControllerTests]/[method:an_admin_user_can_post_a_new_ucsbdate()]
UCSBDatesController.java,edu.ucsb.cs156.example.controllers.UCSBDatesController,org.pitest.mutationtest.engine.gregor.mutators.VoidMethodCallMutator,postUCSBDate,98,KILLED,edu.ucsb.cs156.example.controllers.UCSBDatesControllerTests.[engine:junit-jupiter]/[class:edu.ucsb.cs156.example.controllers.UCSBDatesControllerTests]/[method:an_admin_user_can_post_a_new_ucsbdate()]
UCSBDatesController.java,edu.ucsb.cs156.example.controllers.UCSBDatesController,org.pitest.mutationtest.engine.gregor.mutators.returns.NullReturnValsMutator,postUCSBDate,102,KILLED,edu.ucsb.cs156.example.controllers.UCSBDatesControllerTests.[engine:junit-jupiter]/[class:edu.ucsb.cs156.example.controllers.UCSBDatesControllerTests]/[method:an_admin_user_can_post_a_new_ucsbdate()]
UCSBDatesController.java,edu.ucsb.cs156.example.controllers.UCSBDatesController,org.pitest.mutationtest.engine.gregor.mutators.VoidMethodCallMutator,updateUCSBDate,140,KILLED,edu.ucsb.cs156.example.controllers.UCSBDatesControllerTests.[engine:junit-jupiter]/[class:edu.ucsb.cs156.example.controllers.UCSBDatesControllerTests]/[method:admin_can_edit_an_existing_ucsbdate()]
UCSBDatesController.java,edu.ucsb.cs156.example.controllers.UCSBDatesController,org.pitest.mutationtest.engine.gregor.mutators.VoidMethodCallMutator,updateUCSBDate,141,KILLED,edu.ucsb.cs156.example.controllers.UCSBDatesControllerTests.[engine:junit-jupiter]/[class:edu.ucsb.cs156.example.controllers.UCSBDatesControllerTests]/[method:admin_can_edit_an_existing_ucsbdate()]
UCSBDatesController.java,edu.ucsb.cs156.example.controllers.UCSBDatesController,org.pitest.mutationtest.engine.gregor.mutators.VoidMethodCallMutator,updateUCSBDate,142,KILLED,edu.ucsb.cs156.example.controllers.UCSBDatesControllerTests.[engine:junit-jupiter]/[class:edu.ucsb.cs156.example.controllers.UCSBDatesControllerTests]/[method:admin_can_edit_an_existing_ucsbdate()]
UCSBDatesController.java,edu.ucsb.cs156.example.controllers.UCSBDatesController,org.pitest.mutationtest.engine.gregor.mutators.returns.NullReturnValsMutator,updateUCSBDate,146,KILLED,edu.ucsb.cs156.example.controllers.UCSBDatesControllerTests.[engine:junit-jupiter]/[class:edu.ucsb.cs156.example.controllers.UCSBDatesControllerTests]/[method:admin_can_edit_an_existing_ucsbdate()]
UCSBDiningCommonsController.java,edu.ucsb.cs156.example.controllers.UCSBDiningCommonsController,org.pitest.mutationtest.engine.gregor.mutators.returns.NullReturnValsMutator,allCommonss,47,KILLED,edu.ucsb.cs156.example.controllers.UCSBDiningCommonsControllerTests.[engine:junit-jupiter]/[class:edu.ucsb.cs156.example.controllers.UCSBDiningCommonsControllerTests]/[method:logged_in_user_can_get_all_ucsbdiningcommons()]
UCSBDiningCommonsController.java,edu.ucsb.cs156.example.controllers.UCSBDiningCommonsController,org.pitest.mutationtest.engine.gregor.mutators.VoidMethodCallMutator,deleteCommons,118,KILLED,edu.ucsb.cs156.example.controllers.UCSBDiningCommonsControllerTests.[engine:junit-jupiter]/[class:edu.ucsb.cs156.example.controllers.UCSBDiningCommonsControllerTests]/[method:admin_can_delete_a_date()]
UCSBDiningCommonsController.java,edu.ucsb.cs156.example.controllers.UCSBDiningCommonsController,org.pitest.mutationtest.engine.gregor.mutators.returns.NullReturnValsMutator,deleteCommons,119,KILLED,edu.ucsb.cs156.example.controllers.UCSBDiningCommonsControllerTests.[engine:junit-jupiter]/[class:edu.ucsb.cs156.example.controllers.UCSBDiningCommonsControllerTests]/[method:admin_can_delete_a_date()]
UCSBDiningCommonsController.java,edu.ucsb.cs156.example.controllers.UCSBDiningCommonsController,org.pitest.mutationtest.engine.gregor.mutators.returns.NullReturnValsMutator,getById,63,KILLED,edu.ucsb.cs156.example.controllers.UCSBDiningCommonsControllerTests.[engine:junit-jupiter]/[class:edu.ucsb.cs156.example.controllers.UCSBDiningCommonsControllerTests]/[method:test_that_logged_in_user_can_get_by_id_when_the_id_exists()]
UCSBDiningCommonsController.java,edu.ucsb.cs156.example.controllers.UCSBDiningCommonsController,org.pitest.mutationtest.engine.gregor.mutators.returns.NullReturnValsMutator,lambda$deleteCommons$1,116,KILLED,edu.ucsb.cs156.example.controllers.UCSBDiningCommonsControllerTests.[engine:junit-jupiter]/[class:edu.ucsb.cs156.example.controllers.UCSBDiningCommonsControllerTests]/[method:admin_tries_to_delete_non_existant_commons_and_gets_right_error_message()]
UCSBDiningCommonsController.java,edu.ucsb.cs156.example.controllers.UCSBDiningCommonsController,org.pitest.mutationtest.engine.gregor.mutators.returns.NullReturnValsMutator,lambda$getById$0,61,KILLED,edu.ucsb.cs156.example.controllers.UCSBDiningCommonsControllerTests.[engine:junit-jupiter]/[class:edu.ucsb.cs156.example.controllers.UCSBDiningCommonsControllerTests]/[method:test_that_logged_in_user_can_get_by_id_when_the_id_does_not_exist()]
UCSBDiningCommonsController.java,edu.ucsb.cs156.example.controllers.UCSBDiningCommonsController,org.pitest.mutationtest.engine.gregor.mutators.returns.NullReturnValsMutator,lambda$updateCommons$2,136,KILLED,edu.ucsb.cs156.example.controllers.UCSBDiningCommonsControllerTests.[engine:junit-jupiter]/[class:edu.ucsb.cs156.example.controllers.UCSBDiningCommonsControllerTests]/[method:admin_cannot_edit_commons_that_does_not_exist()]
UCSBDiningCommonsController.java,edu.ucsb.cs156.example.controllers.UCSBDiningCommonsController,org.pitest.mutationtest.engine.gregor.mutators.VoidMethodCallMutator,postCommons,92,KILLED,edu.ucsb.cs156.example.controllers.UCSBDiningCommonsControllerTests.[engine:junit-jupiter]/[class:edu.ucsb.cs156.example.controllers.UCSBDiningCommonsControllerTests]/[method:an_admin_user_can_post_a_new_commons()]
UCSBDiningCommonsController.java,edu.ucsb.cs156.example.controllers.UCSBDiningCommonsController,org.pitest.mutationtest.engine.gregor.mutators.VoidMethodCallMutator,postCommons,93,KILLED,edu.ucsb.cs156.example.controllers.UCSBDiningCommonsControllerTests.[engine:junit-jupiter]/[class:edu.ucsb.cs156.example.controllers.UCSBDiningCommonsControllerTests]/[method:an_admin_user_can_post_a_new_commons()]
UCSBDiningCommonsController.java,edu.ucsb.cs156.example.controllers.UCSBDiningCommonsController,org.pitest.mutationtest.engine.gregor.mutators.VoidMethodCallMutator,postCommons,94,KILLED,edu.ucsb.cs156.example.controllers.UCSBDiningCommonsControllerTests.[engine:junit-jupiter]/[class:edu.ucsb.cs156.example.controllers.UCSBDiningCommonsControllerTests]/[method:an_admin_user_can_post_a_new_commons()]
UCSBDiningCommonsController.java,edu.ucsb.cs156.example.controllers.UCSBDiningCommonsController,org.pitest.mutationtest.engine.gregor.mutators.VoidMethodCallMutator,postCommons,95,KILLED,edu.ucsb.cs156.example.controllers.UCSBDiningCommonsControllerTests.[engine:junit-jupiter]/[class:edu.ucsb.cs156.example.controllers.UCSBDiningCommonsControllerTests]/[method:an_admin_user_can_post_a_new_commons()]
UCSBDiningCommonsController.java,edu.ucsb.cs156.example.controllers.UCSBDiningCommonsController,org.pitest.mutationtest.engine.gregor.mutators.VoidMethodCallMutator,postCommons,96,KILLED,edu.ucsb.cs156.example.controllers.UCSBDiningCommonsControllerTests.[engine:junit-jupiter]/[class:edu.ucsb.cs156.example.controllers.UCSBDiningCommonsControllerTests]/[method:an_admin_user_can_post_a_new_commons()]
UCSBDiningCommonsController.java,edu.ucsb.cs156.example.controllers.UCSBDiningCommonsController,org.pitest.mutationtest.engine.gregor.mutators.VoidMethodCallMutator,postCommons,97,KILLED,edu.ucsb.cs156.example.controllers.UCSBDiningCommonsControllerTests.[engine:junit-jupiter]/[class:edu.ucsb.cs156.example.controllers.UCSBDiningCommonsControllerTests]/[method:an_admin_user_can_post_a_new_commons()]
UCSBDiningCommonsController.java,edu.ucsb.cs156.example.controllers.UCSBDiningCommonsController,org.pitest.mutationtest.engine.gregor.mutators.VoidMethodCallMutator,postCommons,98,KILLED,edu.ucsb.cs156.example.controllers.UCSBDiningCommonsControllerTests.[engine:junit-jupiter]/[class:edu.ucsb.cs156.example.controllers.UCSBDiningCommonsControllerTests]/[method:an_admin_user_can_post_a_new_commons()]
UCSBDiningCommonsController.java,edu.ucsb.cs156.example.controllers.UCSBDiningCommonsController,org.pitest.mutationtest.engine.gregor.mutators.returns.NullReturnValsMutator,postCommons,102,KILLED,edu.ucsb.cs156.example.controllers.UCSBDiningCommonsControllerTests.[engine:junit-jupiter]/[class:edu.ucsb.cs156.example.controllers.UCSBDiningCommonsControllerTests]/[method:an_admin_user_can_post_a_new_commons()]
UCSBDiningCommonsController.java,edu.ucsb.cs156.example.controllers.UCSBDiningCommonsController,org.pitest.mutationtest.engine.gregor.mutators.VoidMethodCallMutator,updateCommons,139,KILLED,edu.ucsb.cs156.example.controllers.UCSBDiningCommonsControllerTests.[engine:junit-jupiter]/[class:edu.ucsb.cs156.example.controllers.UCSBDiningCommonsControllerTests]/[method:admin_can_edit_an_existing_commons()]
UCSBDiningCommonsController.java,edu.ucsb.cs156.example.controllers.UCSBDiningCommonsController,org.pitest.mutationtest.engine.gregor.mutators.VoidMethodCallMutator,updateCommons,140,KILLED,edu.ucsb.cs156.example.controllers.UCSBDiningCommonsControllerTests.[engine:junit-jupiter]/[class:edu.ucsb.cs156.example.controllers.UCSBDiningCommonsControllerTests]/[method:admin_can_edit_an_existing_commons()]
UCSBDiningCommonsController.java,edu.ucsb.cs156.example.controllers.UCSBDiningCommonsController,org.pitest.mutationtest.engine.gregor.mutators.VoidMethodCallMutator,updateCommons,141,KILLED,edu.ucsb.cs156.example.controllers.UCSBDiningCommonsControllerTests.[engine:junit-jupiter]/[class:edu.ucsb.cs156.example.controllers.UCSBDiningCommonsControllerTests]/[method:admin_can_edit_an_existing_commons()]
UCSBDiningCommonsController.java,edu.ucsb.cs156.example.controllers.UCSBDiningCommonsController,org.pitest.mutationtest.engine.gregor.mutators.VoidMethodCallMutator,updateCommons,142,KILLED,edu.ucsb.cs156.example.controllers.UCSBDiningCommonsControllerTests.[engine:junit-jupiter]/[class:edu.ucsb.cs156.example.controllers.UCSBDiningCommonsControllerTests]/[method:admin_can_edit_an_existing_commons()]
UCSBDiningCommonsController.java,edu.ucsb.cs156.example.controllers.UCSBDiningCommonsController,org.pitest.mutationtest.engine.gregor.mutators.VoidMethodCallMutator,updateCommons,143,KILLED,edu.ucsb.cs156.example.controllers.UCSBDiningCommonsControllerTests.[engine:junit-jupiter]/[class:edu.ucsb.cs156.example.controllers.UCSBDiningCommonsControllerTests]/[method:admin_can_edit_an_existing_commons()]
UCSBDiningCommonsController.java,edu.ucsb.cs156.example.controllers.UCSBDiningCommonsController,org.pitest.mutationtest.engine.gregor.mutators.VoidMethodCallMutator,updateCommons,144,KILLED,edu.ucsb.cs156.example.controllers.UCSBDiningCommonsControllerTests.[engine:junit-jupiter]/[class:edu.ucsb.cs156.example.controllers.UCSBDiningCommonsControllerTests]/[method:admin_can_edit_an_existing_commons()]
UCSBDiningCommonsController.java,edu.ucsb.cs156.example.controllers.UCSBDiningCommonsController,org.pitest.mutationtest.engine.gregor.mutators.returns.NullReturnValsMutator,updateCommons,148,KILLED,edu.ucsb.cs156.example.controllers.UCSBDiningCommonsControllerTests.[engine:junit-jupiter]/[class:edu.ucsb.cs156.example.controllers.UCSBDiningCommonsControllerTests]/[method:admin_can_edit_an_existing_commons()]
UCSBDiningCommonsMenuItemsController.java,edu.ucsb.cs156.example.controllers.UCSBDiningCommonsMenuItemsController,org.pitest.mutationtest.engine.gregor.mutators.returns.NullReturnValsMutator,allUCSBDiningCommonsMenuItems,48,KILLED,edu.ucsb.cs156.example.controllers.UCSBDiningCommonsMenuItemsControllerTests.[engine:junit-jupiter]/[class:edu.ucsb.cs156.example.controllers.UCSBDiningCommonsMenuItemsControllerTests]/[method:logged_in_users_can_get_all_menu_items()]
UCSBDiningCommonsMenuItemsController.java,edu.ucsb.cs156.example.controllers.UCSBDiningCommonsMenuItemsController,org.pitest.mutationtest.engine.gregor.mutators.VoidMethodCallMutator,deleteUCSBDiningCommonsMenuItems,110,KILLED,edu.ucsb.cs156.example.controllers.UCSBDiningCommonsMenuItemsControllerTests.[engine:junit-jupiter]/[class:edu.ucsb.cs156.example.controllers.UCSBDiningCommonsMenuItemsControllerTests]/[method:delete_menu_item()]
UCSBDiningCommonsMenuItemsController.java,edu.ucsb.cs156.example.controllers.UCSBDiningCommonsMenuItemsController,org.pitest.mutationtest.engine.gregor.mutators.returns.NullReturnValsMutator,deleteUCSBDiningCommonsMenuItems,111,KILLED,edu.ucsb.cs156.example.controllers.UCSBDiningCommonsMenuItemsControllerTests.[engine:junit-jupiter]/[class:edu.ucsb.cs156.example.controllers.UCSBDiningCommonsMenuItemsControllerTests]/[method:delete_menu_item()]
UCSBDiningCommonsMenuItemsController.java,edu.ucsb.cs156.example.controllers.UCSBDiningCommonsMenuItemsController,org.pitest.mutationtest.engine.gregor.mutators.VoidMethodCallMutator,editUCSBDiningCommonsMenuItems,93,KILLED,edu.ucsb.cs156.example.controllers.UCSBDiningCommonsMenuItemsControllerTests.[engine:junit-jupiter]/[class:edu.ucsb.cs156.example.controllers.UCSBDiningCommonsMenuItemsControllerTests]/[method:admin_can_edit_an_existing_menu_item()]
UCSBDiningCommonsMenuItemsController.java,edu.ucsb.cs156.example.controllers.UCSBDiningCommonsMenuItemsController,org.pitest.mutationtest.engine.gregor.mutators.VoidMethodCallMutator,editUCSBDiningCommonsMenuItems,94,KILLED,edu.ucsb.cs156.example.controllers.UCSBDiningCommonsMenuItemsControllerTests.[engine:junit-jupiter]/[class:edu.ucsb.cs156.example.controllers.UCSBDiningCommonsMenuItemsControllerTests]/[method:admin_can_edit_an_existing_menu_item()]
UCSBDiningCommonsMenuItemsController.java,edu.ucsb.cs156.example.controllers.UCSBDiningCommonsMenuItemsController,org.pitest.mutationtest.engine.gregor.mutators.VoidMethodCallMutator,editUCSBDiningCommonsMenuItems,95,KILLED,edu.ucsb.cs156.example.controllers.UCSBDiningCommonsMenuItemsControllerTests.[engine:junit-jupiter]/[class:edu.ucsb.cs156.example.controllers.UCSBDiningCommonsMenuItemsControllerTests]/[method:admin_can_edit_an_existing_menu_item()]
UCSBDiningCommonsMenuItemsController.java,edu.ucsb.cs156.example.controllers.UCSBDiningCommonsMenuItemsController,org.pitest.mutationtest.engine.gregor.mutators.returns.NullReturnValsMutator,editUCSBDiningCommonsMenuItems,99,KILLED,edu.ucsb.cs156.example.controllers.UCSBDiningCommonsMenuItemsControllerTests.[engine:junit-jupiter]/[class:edu.ucsb.cs156.example.controllers.UCSBDiningCommonsMenuItemsControllerTests]/[method:admin_can_edit_an_existing_menu_item()]
UCSBDiningCommonsMenuItemsController.java,edu.ucsb.cs156.example.controllers.UCSBDiningCommonsMenuItemsController,org.pitest.mutationtest.engine.gregor.mutators.returns.NullReturnValsMutator,getById,80,KILLED,edu.ucsb.cs156.example.controllers.UCSBDiningCommonsMenuItemsControllerTests.[engine:junit-jupiter]/[class:edu.ucsb.cs156.example.controllers.UCSBDiningCommonsMenuItemsControllerTests]/[method:test_that_logged_in_user_can_get_by_id_when_the_id_exists()]
UCSBDiningCommonsMenuItemsController.java,edu.ucsb.cs156.example.controllers.UCSBDiningCommonsMenuItemsController,org.pitest.mutationtest.engine.gregor.mutators.returns.NullReturnValsMutator,lambda$deleteUCSBDiningCommonsMenuItems$2,109,KILLED,edu.ucsb.cs156.example.controllers.UCSBDiningCommonsMenuItemsControllerTests.[engine:junit-jupiter]/[class:edu.ucsb.cs156.example.controllers.UCSBDiningCommonsMenuItemsControllerTests]/[method:delete_menu_item_with_invalid_id()]
UCSBDiningCommonsMenuItemsController.java,edu.ucsb.cs156.example.controllers.UCSBDiningCommonsMenuItemsController,org.pitest.mutationtest.engine.gregor.mutators.returns.NullReturnValsMutator,lambda$editUCSBDiningCommonsMenuItems$1,92,KILLED,edu.ucsb.cs156.example.controllers.UCSBDiningCommonsMenuItemsControllerTests.[engine:junit-jupiter]/[class:edu.ucsb.cs156.example.controllers.UCSBDiningCommonsMenuItemsControllerTests]/[method:admin_cannot_edit_menu_item_that_does_not_exist()]
UCSBDiningCommonsMenuItemsController.java,edu.ucsb.cs156.example.controllers.UCSBDiningCommonsMenuItemsController,org.pitest.mutationtest.engine.gregor.mutators.returns.NullReturnValsMutator,lambda$getById$0,78,KILLED,edu.ucsb.cs156.example.controllers.UCSBDiningCommonsMenuItemsControllerTests.[engine:junit-jupiter]/[class:edu.ucsb.cs156.example.controllers.UCSBDiningCommonsMenuItemsControllerTests]/[method:logged_in_user_can_get_id_when_the_id_does_not_exist()]
UCSBDiningCommonsMenuItemsController.java,edu.ucsb.cs156.example.controllers.UCSBDiningCommonsMenuItemsController,org.pitest.mutationtest.engine.gregor.mutators.VoidMethodCallMutator,postCommonsMenuItems,62,KILLED,edu.ucsb.cs156.example.controllers.UCSBDiningCommonsMenuItemsControllerTests.[engine:junit-jupiter]/[class:edu.ucsb.cs156.example.controllers.UCSBDiningCommonsMenuItemsControllerTests]/[method:an_admin_user_can_post_a_new_UCSBDiningCommonsMenuItem()]
UCSBDiningCommonsMenuItemsController.java,edu.ucsb.cs156.example.controllers.UCSBDiningCommonsMenuItemsController,org.pitest.mutationtest.engine.gregor.mutators.VoidMethodCallMutator,postCommonsMenuItems,63,KILLED,edu.ucsb.cs156.example.controllers.UCSBDiningCommonsMenuItemsControllerTests.[engine:junit-jupiter]/[class:edu.ucsb.cs156.example.controllers.UCSBDiningCommonsMenuItemsControllerTests]/[method:an_admin_user_can_post_a_new_UCSBDiningCommonsMenuItem()]
UCSBDiningCommonsMenuItemsController.java,edu.ucsb.cs156.example.controllers.UCSBDiningCommonsMenuItemsController,org.pitest.mutationtest.engine.gregor.mutators.VoidMethodCallMutator,postCommonsMenuItems,64,KILLED,edu.ucsb.cs156.example.controllers.UCSBDiningCommonsMenuItemsControllerTests.[engine:junit-jupiter]/[class:edu.ucsb.cs156.example.controllers.UCSBDiningCommonsMenuItemsControllerTests]/[method:an_admin_user_can_post_a_new_UCSBDiningCommonsMenuItem()]
UCSBDiningCommonsMenuItemsController.java,edu.ucsb.cs156.example.controllers.UCSBDiningCommonsMenuItemsController,org.pitest.mutationtest.engine.gregor.mutators.returns.NullReturnValsMutator,postCommonsMenuItems,68,KILLED,edu.ucsb.cs156.example.controllers.UCSBDiningCommonsMenuItemsControllerTests.[engine:junit-jupiter]/[class:edu.ucsb.cs156.example.controllers.UCSBDiningCommonsMenuItemsControllerTests]/[method:an_admin_user_can_post_a_new_UCSBDiningCommonsMenuItem()]
UCSBOrganizationsController.java,edu.ucsb.cs156.example.controllers.UCSBOrganizationsController,org.pitest.mutationtest.engine.gregor.mutators.returns.NullReturnValsMutator,allOrganizations,40,KILLED,edu.ucsb.cs156.example.controllers.UCSBOrganizationsControllerTests.[engine:junit-jupiter]/[class:edu.ucsb.cs156.example.controllers.UCSBOrganizationsControllerTests]/[method:logged_in_user_can_get_all_ucsborganizations()]
UCSBOrganizationsController.java,edu.ucsb.cs156.example.controllers.UCSBOrganizationsController,org.pitest.mutationtest.engine.gregor.mutators.VoidMethodCallMutator,deleteCommons,84,KILLED,edu.ucsb.cs156.example.controllers.UCSBOrganizationsControllerTests.[engine:junit-jupiter]/[class:edu.ucsb.cs156.example.controllers.UCSBOrganizationsControllerTests]/[method:admin_can_delete_an_organization()]
UCSBOrganizationsController.java,edu.ucsb.cs156.example.controllers.UCSBOrganizationsController,org.pitest.mutationtest.engine.gregor.mutators.returns.NullReturnValsMutator,deleteCommons,85,KILLED,edu.ucsb.cs156.example.controllers.UCSBOrganizationsControllerTests.[engine:junit-jupiter]/[class:edu.ucsb.cs156.example.controllers.UCSBOrganizationsControllerTests]/[method:admin_can_delete_an_organization()]
UCSBOrganizationsController.java,edu.ucsb.cs156.example.controllers.UCSBOrganizationsController,org.pitest.mutationtest.engine.gregor.mutators.returns.NullReturnValsMutator,getById,73,KILLED,edu.ucsb.cs156.example.controllers.UCSBOrganizationsControllerTests.[engine:junit-jupiter]/[class:edu.ucsb.cs156.example.controllers.UCSBOrganizationsControllerTests]/[method:test_that_logged_in_user_can_get_by_id_when_the_id_exists()]
UCSBOrganizationsController.java,edu.ucsb.cs156.example.controllers.UCSBOrganizationsController,org.pitest.mutationtest.engine.gregor.mutators.returns.NullReturnValsMutator,lambda$deleteCommons$1,82,KILLED,edu.ucsb.cs156.example.controllers.UCSBOrganizationsControllerTests.[engine:junit-jupiter]/[class:edu.ucsb.cs156.example.controllers.UCSBOrganizationsControllerTests]/[method:admin_tries_to_delete_non_existant_organization_and_gets_right_error_message()]
UCSBOrganizationsController.java,edu.ucsb.cs156.example.controllers.UCSBOrganizationsController,org.pitest.mutationtest.engine.gregor.mutators.returns.NullReturnValsMutator,lambda$getById$0,71,KILLED,edu.ucsb.cs156.example.controllers.UCSBOrganizationsControllerTests.[engine:junit-jupiter]/[class:edu.ucsb.cs156.example.controllers.UCSBOrganizationsControllerTests]/[method:test_that_logged_in_user_can_get_by_id_when_the_id_does_not_exist()]
UCSBOrganizationsController.java,edu.ucsb.cs156.example.controllers.UCSBOrganizationsController,org.pitest.mutationtest.engine.gregor.mutators.returns.NullReturnValsMutator,lambda$updateOrganization$2,96,KILLED,edu.ucsb.cs156.example.controllers.UCSBOrganizationsControllerTests.[engine:junit-jupiter]/[class:edu.ucsb.cs156.example.controllers.UCSBOrganizationsControllerTests]/[method:admin_cannot_edit_organization_that_does_not_exist()]
UCSBOrganizationsController.java,edu.ucsb.cs156.example.controllers.UCSBOrganizationsController,org.pitest.mutationtest.engine.gregor.mutators.VoidMethodCallMutator,postOrganization,55,KILLED,edu.ucsb.cs156.example.controllers.UCSBOrganizationsControllerTests.[engine:junit-jupiter]/[class:edu.ucsb.cs156.example.controllers.UCSBOrganizationsControllerTests]/[method:an_admin_user_can_post_a_new_organization()]
UCSBOrganizationsController.java,edu.ucsb.cs156.example.controllers.UCSBOrganizationsController,org.pitest.mutationtest.engine.gregor.mutators.VoidMethodCallMutator,postOrganization,56,KILLED,edu.ucsb.cs156.example.controllers.UCSBOrganizationsControllerTests.[engine:junit-jupiter]/[class:edu.ucsb.cs156.example.controllers.UCSBOrganizationsControllerTests]/[method:an_admin_user_can_post_a_new_organization()]
UCSBOrganizationsController.java,edu.ucsb.cs156.example.controllers.UCSBOrganizationsController,org.pitest.mutationtest.engine.gregor.mutators.VoidMethodCallMutator,postOrganization,57,KILLED,edu.ucsb.cs156.example.controllers.UCSBOrganizationsControllerTests.[engine:junit-jupiter]/[class:edu.ucsb.cs156.example.controllers.UCSBOrganizationsControllerTests]/[method:an_admin_user_can_post_a_new_organization()]
UCSBOrganizationsController.java,edu.ucsb.cs156.example.controllers.UCSBOrganizationsController,org.pitest.mutationtest.engine.gregor.mutators.VoidMethodCallMutator,postOrganization,58,KILLED,edu.ucsb.cs156.example.controllers.UCSBOrganizationsControllerTests.[engine:junit-jupiter]/[class:edu.ucsb.cs156.example.controllers.UCSBOrganizationsControllerTests]/[method:an_admin_user_can_post_a_new_organization()]
UCSBOrganizationsController.java,edu.ucsb.cs156.example.controllers.UCSBOrganizationsController,org.pitest.mutationtest.engine.gregor.mutators.returns.NullReturnValsMutator,postOrganization,62,KILLED,edu.ucsb.cs156.example.controllers.UCSBOrganizationsControllerTests.[engine:junit-jupiter]/[class:edu.ucsb.cs156.example.controllers.UCSBOrganizationsControllerTests]/[method:an_admin_user_can_post_a_new_organization()]
UCSBOrganizationsController.java,edu.ucsb.cs156.example.controllers.UCSBOrganizationsController,org.pitest.mutationtest.engine.gregor.mutators.VoidMethodCallMutator,updateOrganization,99,KILLED,edu.ucsb.cs156.example.controllers.UCSBOrganizationsControllerTests.[engine:junit-jupiter]/[class:edu.ucsb.cs156.example.controllers.UCSBOrganizationsControllerTests]/[method:admin_can_edit_an_existing_organization()]
UCSBOrganizationsController.java,edu.ucsb.cs156.example.controllers.UCSBOrganizationsController,org.pitest.mutationtest.engine.gregor.mutators.VoidMethodCallMutator,updateOrganization,100,KILLED,edu.ucsb.cs156.example.controllers.UCSBOrganizationsControllerTests.[engine:junit-jupiter]/[class:edu.ucsb.cs156.example.controllers.UCSBOrganizationsControllerTests]/[method:admin_can_edit_an_existing_organization()]
UCSBOrganizationsController.java,edu.ucsb.cs156.example.controllers.UCSBOrganizationsController,org.pitest.mutationtest.engine.gregor.mutators.VoidMethodCallMutator,updateOrganization,101,KILLED,edu.ucsb.cs156.example.controllers.UCSBOrganizationsControllerTests.[engine:junit-jupiter]/[class:edu.ucsb.cs156.example.controllers.UCSBOrganizationsControllerTests]/[method:admin_can_edit_an_existing_organization()]
UCSBOrganizationsController.java,edu.ucsb.cs156.example.controllers.UCSBOrganizationsController,org.pitest.mutationtest.engine.gregor.mutators.returns.NullReturnValsMutator,updateOrganization,105,KILLED,edu.ucsb.cs156.example.controllers.UCSBOrganizationsControllerTests.[engine:junit-jupiter]/[class:edu.ucsb.cs156.example.controllers.UCSBOrganizationsControllerTests]/[method:admin_can_edit_an_existing_organization()]
UserInfoController.java,edu.ucsb.cs156.example.controllers.UserInfoController,org.pitest.mutationtest.engine.gregor.mutators.returns.NullReturnValsMutator,getCurrentUser,33,KILLED,edu.ucsb.cs156.example.controllers.UserInfoControllerTests.[engine:junit-jupiter]/[class:edu.ucsb.cs156.example.controllers.UserInfoControllerTests]/[method:currentUser__logged_in()]
UsersController.java,edu.ucsb.cs156.example.controllers.UsersController,org.pitest.mutationtest.engine.gregor.mutators.returns.NullReturnValsMutator,users,46,KILLED,edu.ucsb.cs156.example.controllers.UsersControllerTests.[engine:junit-jupiter]/[class:edu.ucsb.cs156.example.controllers.UsersControllerTests]/[method:users__admin_logged_in()]
CurrentUserService.java,edu.ucsb.cs156.example.services.CurrentUserService,org.pitest.mutationtest.engine.gregor.mutators.NegateConditionalsMutator,isLoggedIn,42,KILLED,edu.ucsb.cs156.example.services.CurrentUserServiceTests.[engine:junit-jupiter]/[class:edu.ucsb.cs156.example.services.CurrentUserServiceTests]/[method:test_isLoggedIn_returns_false()]
CurrentUserService.java,edu.ucsb.cs156.example.services.CurrentUserService,org.pitest.mutationtest.engine.gregor.mutators.returns.BooleanTrueReturnValsMutator,isLoggedIn,42,KILLED,edu.ucsb.cs156.example.services.CurrentUserServiceTests.[engine:junit-jupiter]/[class:edu.ucsb.cs156.example.services.CurrentUserServiceTests]/[method:test_isLoggedIn_returns_false()]
GrantedAuthoritiesService.java,edu.ucsb.cs156.example.services.GrantedAuthoritiesService,org.pitest.mutationtest.engine.gregor.mutators.returns.EmptyObjectReturnValsMutator,getGrantedAuthorities,32,KILLED,edu.ucsb.cs156.example.services.GrantedAuthoritiesServiceTests.[engine:junit-jupiter]/[class:edu.ucsb.cs156.example.services.GrantedAuthoritiesServiceTests]/[method:test_getGrantedAuthorities()]
SystemInfoServiceImpl.java,edu.ucsb.cs156.example.services.SystemInfoServiceImpl,org.pitest.mutationtest.engine.gregor.mutators.returns.NullReturnValsMutator,getSystemInfo,43,KILLED,edu.ucsb.cs156.example.services.SystemInfoServiceImplTests.[engine:junit-jupiter]/[class:edu.ucsb.cs156.example.services.SystemInfoServiceImplTests]/[method:test_getSystemInfo()]
RecommendationRequestController.java,edu.ucsb.cs156.example.controllers.RecommendationRequestController,org.pitest.mutationtest.engine.gregor.mutators.returns.NullReturnValsMutator,allRecommendationRequests,45,KILLED,edu.ucsb.cs156.example.controllers.RecommendationRequestControllerTests.[engine:junit-jupiter]/[class:edu.ucsb.cs156.example.controllers.RecommendationRequestControllerTests]/[method:logged_in_user_can_get_all_recommendationrequests()]
RecommendationRequestController.java,edu.ucsb.cs156.example.controllers.RecommendationRequestController,org.pitest.mutationtest.engine.gregor.mutators.VoidMethodCallMutator,deleteRecommendationRequest,107,KILLED,edu.ucsb.cs156.example.controllers.RecommendationRequestControllerTests.[engine:junit-jupiter]/[class:edu.ucsb.cs156.example.controllers.RecommendationRequestControllerTests]/[method:admin_can_delete_RR()]
RecommendationRequestController.java,edu.ucsb.cs156.example.controllers.RecommendationRequestController,org.pitest.mutationtest.engine.gregor.mutators.returns.NullReturnValsMutator,deleteRecommendationRequest,108,KILLED,edu.ucsb.cs156.example.controllers.RecommendationRequestControllerTests.[engine:junit-jupiter]/[class:edu.ucsb.cs156.example.controllers.RecommendationRequestControllerTests]/[method:admin_can_delete_RR()]
RecommendationRequestController.java,edu.ucsb.cs156.example.controllers.RecommendationRequestController,org.pitest.mutationtest.engine.gregor.mutators.returns.NullReturnValsMutator,getById,78,KILLED,edu.ucsb.cs156.example.controllers.RecommendationRequestControllerTests.[engine:junit-jupiter]/[class:edu.ucsb.cs156.example.controllers.RecommendationRequestControllerTests]/[method:can_get_by_id_when_logged_in_and_exists()]
RecommendationRequestController.java,edu.ucsb.cs156.example.controllers.RecommendationRequestController,org.pitest.mutationtest.engine.gregor.mutators.returns.NullReturnValsMutator,lambda$deleteRecommendationRequest$2,105,KILLED,edu.ucsb.cs156.example.controllers.RecommendationRequestControllerTests.[engine:junit-jupiter]/[class:edu.ucsb.cs156.example.controllers.RecommendationRequestControllerTests]/[method:error_when_delete_nonexistent_RR()]
RecommendationRequestController.java,edu.ucsb.cs156.example.controllers.RecommendationRequestController,org.pitest.mutationtest.engine.gregor.mutators.returns.NullReturnValsMutator,lambda$getById$0,77,KILLED,edu.ucsb.cs156.example.controllers.RecommendationRequestControllerTests.[engine:junit-jupiter]/[class:edu.ucsb.cs156.example.controllers.RecommendationRequestControllerTests]/[method:test_that_can_get_when_doesnt_exist()]
RecommendationRequestController.java,edu.ucsb.cs156.example.controllers.RecommendationRequestController,org.pitest.mutationtest.engine.gregor.mutators.returns.NullReturnValsMutator,lambda$updateRecommendationRequest$1,86,KILLED,edu.ucsb.cs156.example.controllers.RecommendationRequestControllerTests.[engine:junit-jupiter]/[class:edu.ucsb.cs156.example.controllers.RecommendationRequestControllerTests]/[method:admin_cant_edit_if_doesnt_exist()]
RecommendationRequestController.java,edu.ucsb.cs156.example.controllers.RecommendationRequestController,org.pitest.mutationtest.engine.gregor.mutators.VoidMethodCallMutator,postRecommendationDate,58,KILLED,edu.ucsb.cs156.example.controllers.RecommendationRequestControllerTests.[engine:junit-jupiter]/[class:edu.ucsb.cs156.example.controllers.RecommendationRequestControllerTests]/[method:an_admin_can_post_new_recrequest()]
RecommendationRequestController.java,edu.ucsb.cs156.example.controllers.RecommendationRequestController,org.pitest.mutationtest.engine.gregor.mutators.VoidMethodCallMutator,postRecommendationDate,59,KILLED,edu.ucsb.cs156.example.controllers.RecommendationRequestControllerTests.[engine:junit-jupiter]/[class:edu.ucsb.cs156.example.controllers.RecommendationRequestControllerTests]/[method:an_admin_can_post_new_recrequest()]
RecommendationRequestController.java,edu.ucsb.cs156.example.controllers.RecommendationRequestController,org.pitest.mutationtest.engine.gregor.mutators.VoidMethodCallMutator,postRecommendationDate,60,KILLED,edu.ucsb.cs156.example.controllers.RecommendationRequestControllerTests.[engine:junit-jupiter]/[class:edu.ucsb.cs156.example.controllers.RecommendationRequestControllerTests]/[method:an_admin_can_post_new_recrequest()]
RecommendationRequestController.java,edu.ucsb.cs156.example.controllers.RecommendationRequestController,org.pitest.mutationtest.engine.gregor.mutators.VoidMethodCallMutator,postRecommendationDate,63,KILLED,edu.ucsb.cs156.example.controllers.RecommendationRequestControllerTests.[engine:junit-jupiter]/[class:edu.ucsb.cs156.example.controllers.RecommendationRequestControllerTests]/[method:an_admin_can_post_new_recrequest()]
RecommendationRequestController.java,edu.ucsb.cs156.example.controllers.RecommendationRequestController,org.pitest.mutationtest.engine.gregor.mutators.VoidMethodCallMutator,postRecommendationDate,64,KILLED,edu.ucsb.cs156.example.controllers.RecommendationRequestControllerTests.[engine:junit-jupiter]/[class:edu.ucsb.cs156.example.controllers.RecommendationRequestControllerTests]/[method:an_admin_can_post_new_recrequest()]
RecommendationRequestController.java,edu.ucsb.cs156.example.controllers.RecommendationRequestController,org.pitest.mutationtest.engine.gregor.mutators.VoidMethodCallMutator,postRecommendationDate,65,KILLED,edu.ucsb.cs156.example.controllers.RecommendationRequestControllerTests.[engine:junit-jupiter]/[class:edu.ucsb.cs156.example.controllers.RecommendationRequestControllerTests]/[method:an_admin_can_post_new_recrequest()]
RecommendationRequestController.java,edu.ucsb.cs156.example.controllers.RecommendationRequestController,org.pitest.mutationtest.engine.gregor.mutators.returns.NullReturnValsMutator,postRecommendationDate,69,KILLED,edu.ucsb.cs156.example.controllers.RecommendationRequestControllerTests.[engine:junit-jupiter]/[class:edu.ucsb.cs156.example.controllers.RecommendationRequestControllerTests]/[method:an_admin_can_post_new_recrequest()]
RecommendationRequestController.java,edu.ucsb.cs156.example.controllers.RecommendationRequestController,org.pitest.mutationtest.engine.gregor.mutators.VoidMethodCallMutator,updateRecommendationRequest,88,KILLED,edu.ucsb.cs156.example.controllers.RecommendationRequestControllerTests.[engine:junit-jupiter]/[class:edu.ucsb.cs156.example.controllers.RecommendationRequestControllerTests]/[method:admin_can_edit_existing()]
RecommendationRequestController.java,edu.ucsb.cs156.example.controllers.RecommendationRequestController,org.pitest.mutationtest.engine.gregor.mutators.VoidMethodCallMutator,updateRecommendationRequest,89,KILLED,edu.ucsb.cs156.example.controllers.RecommendationRequestControllerTests.[engine:junit-jupiter]/[class:edu.ucsb.cs156.example.controllers.RecommendationRequestControllerTests]/[method:admin_can_edit_existing()]
RecommendationRequestController.java,edu.ucsb.cs156.example.controllers.RecommendationRequestController,org.pitest.mutationtest.engine.gregor.mutators.VoidMethodCallMutator,updateRecommendationRequest,90,KILLED,edu.ucsb.cs156.example.controllers.RecommendationRequestControllerTests.[engine:junit-jupiter]/[class:edu.ucsb.cs156.example.controllers.RecommendationRequestControllerTests]/[method:admin_can_edit_existing()]
RecommendationRequestController.java,edu.ucsb.cs156.example.controllers.RecommendationRequestController,org.pitest.mutationtest.engine.gregor.mutators.VoidMethodCallMutator,updateRecommendationRequest,91,KILLED,edu.ucsb.cs156.example.controllers.RecommendationRequestControllerTests.[engine:junit-jupiter]/[class:edu.ucsb.cs156.example.controllers.RecommendationRequestControllerTests]/[method:admin_can_edit_existing()]
RecommendationRequestController.java,edu.ucsb.cs156.example.controllers.RecommendationRequestController,org.pitest.mutationtest.engine.gregor.mutators.VoidMethodCallMutator,updateRecommendationRequest,92,KILLED,edu.ucsb.cs156.example.controllers.RecommendationRequestControllerTests.[engine:junit-jupiter]/[class:edu.ucsb.cs156.example.controllers.RecommendationRequestControllerTests]/[method:admin_can_edit_existing()]
RecommendationRequestController.java,edu.ucsb.cs156.example.controllers.RecommendationRequestController,org.pitest.mutationtest.engine.gregor.mutators.VoidMethodCallMutator,updateRecommendationRequest,93,KILLED,edu.ucsb.cs156.example.controllers.RecommendationRequestControllerTests.[engine:junit-jupiter]/[class:edu.ucsb.cs156.example.controllers.RecommendationRequestControllerTests]/[method:admin_can_edit_existing()]
RecommendationRequestController.java,edu.ucsb.cs156.example.controllers.RecommendationRequestController,org.pitest.mutationtest.engine.gregor.mutators.returns.NullReturnValsMutator,updateRecommendationRequest,97,KILLED,edu.ucsb.cs156.example.controllers.RecommendationRequestControllerTests.[engine:junit-jupiter]/[class:edu.ucsb.cs156.example.controllers.RecommendationRequestControllerTests]/[method:admin_can_edit_existing()]
RecommendationRequest.java,edu.ucsb.cs156.example.entities.RecommendationRequest,org.pitest.mutationtest.engine.gregor.mutators.returns.BooleanFalseReturnValsMutator,getDone,31,KILLED,edu.ucsb.cs156.example.controllers.RecommendationRequestControllerTests.[engine:junit-jupiter]/[class:edu.ucsb.cs156.example.controllers.RecommendationRequestControllerTests]/[method:rr_get_coverage()]
RecommendationRequest.java,edu.ucsb.cs156.example.entities.RecommendationRequest,org.pitest.mutationtest.engine.gregor.mutators.returns.BooleanTrueReturnValsMutator,getDone,31,KILLED,edu.ucsb.cs156.example.controllers.RecommendationRequestControllerTests.[engine:junit-jupiter]/[class:edu.ucsb.cs156.example.controllers.RecommendationRequestControllerTests]/[method:rr_get_coverage()]
